id;start_date;end_date;language
1;2025-05-22T22:07:02;2025-05-22T05:28:55;ENGLISH
2;2025-05-23T04:16:08;2025-05-22T07:00:17;SPANISH
3;2025-05-22T05:26:48;2025-05-22T22:29:37;FRENCH
4;2025-05-22T07:01:27;2025-05-22T07:17:58;ENGLISH
5;2025-05-22T18:19:59;2025-05-22T23:59:49;FRENCH
6;2025-05-23T02:20:59;2025-05-22T12:21:14;FRENCH
7;2025-05-22T08:29:35;2025-05-22T23:43:19;FRENCH
8;2025-05-23T01:03:05;2025-05-22T06:55:33;ENGLISH
9;2025-05-22T17:39:17;2025-05-22T10:42:24;FRENCH
10;2025-05-22T21:07:25;2025-05-23T01:17:30;SPANISH
